file,source,flaw_type,severity,start_sec,end_sec
speech1_pace_too_slow_sev1.wav,speech1.wav,PACE_TOO_SLOW,1,25.917,26.976
speech1_pace_too_slow_sev2.wav,speech1.wav,PACE_TOO_SLOW,2,14.49,16.571
speech1_pace_too_slow_sev3.wav,speech1.wav,PACE_TOO_SLOW,3,28.079,29.73
speech1_pace_too_slow_sev4.wav,speech1.wav,PACE_TOO_SLOW,4,23.956,25.112
speech1_pace_too_slow_sev5.wav,speech1.wav,PACE_TOO_SLOW,5,3.042,4.243
speech1_pace_too_fast_sev1.wav,speech1.wav,PACE_TOO_FAST,1,32.122,33.126
speech1_pace_too_fast_sev2.wav,speech1.wav,PACE_TOO_FAST,2,25.277,26.385
speech1_pace_too_fast_sev3.wav,speech1.wav,PACE_TOO_FAST,3,25.917,26.816
speech1_pace_too_fast_sev4.wav,speech1.wav,PACE_TOO_FAST,4,3.723,4.715
speech1_pace_too_fast_sev5.wav,speech1.wav,PACE_TOO_FAST,5,14.49,15.39
speech1_pause_excessive_sev1.wav,speech1.wav,PAUSE_EXCESSIVE,1,12.088,14.549
speech1_pause_excessive_sev2.wav,speech1.wav,PAUSE_EXCESSIVE,2,30.901,33.222
speech1_pause_excessive_sev3.wav,speech1.wav,PAUSE_EXCESSIVE,3,21.154,25.176
speech1_pause_excessive_sev4.wav,speech1.wav,PAUSE_EXCESSIVE,4,27.158,30.499
speech1_pause_excessive_sev5.wav,speech1.wav,PAUSE_EXCESSIVE,5,14.49,19.591
speech1_pitch_monotone_sev1.wav,speech1.wav,PITCH_MONOTONE,1,7.065,8.346
speech1_pitch_monotone_sev2.wav,speech1.wav,PITCH_MONOTONE,2,19.373,19.873
speech1_pitch_monotone_sev3.wav,speech1.wav,PITCH_MONOTONE,3,2.061,3.642
speech1_pitch_monotone_sev4.wav,speech1.wav,PITCH_MONOTONE,4,26.878,28.379
speech1_pitch_monotone_sev5.wav,speech1.wav,PITCH_MONOTONE,5,21.154,22.995
speech1_energy_low_sev1.wav,speech1.wav,ENERGY_LOW,1,25.437,26.298
speech1_energy_low_sev2.wav,speech1.wav,ENERGY_LOW,2,11.888,12.949
speech1_energy_low_sev3.wav,speech1.wav,ENERGY_LOW,3,32.682,33.262
speech1_energy_low_sev4.wav,speech1.wav,ENERGY_LOW,4,28.839,30.861
speech1_energy_low_sev5.wav,speech1.wav,ENERGY_LOW,5,25.537,27.158
speech1_filler_sev1.wav,speech1.wav,FILLER,1,5.684,8.065
speech1_filler_sev2.wav,speech1.wav,FILLER,2,15.37,16.801
speech1_filler_sev3.wav,speech1.wav,FILLER,3,1.421,3.142
speech1_filler_sev4.wav,speech1.wav,FILLER,4,4.543,6.984
speech1_filler_sev5.wav,speech1.wav,FILLER,5,23.035,25.456
speech1_unclear_sev1.wav,speech1.wav,UNCLEAR,1,24.657,26.298
speech1_unclear_sev2.wav,speech1.wav,UNCLEAR,2,25.437,26.698
speech1_unclear_sev3.wav,speech1.wav,UNCLEAR,3,32.282,33.743
speech1_unclear_sev4.wav,speech1.wav,UNCLEAR,4,23.035,24.456
speech1_unclear_sev5.wav,speech1.wav,UNCLEAR,5,16.371,17.392
speech1_combined_00.wav,speech1.wav,FILLER,4,17.232,19.993
speech1_combined_00.wav,speech1.wav,PACE_TOO_SLOW,1,32.982,34.11
speech1_combined_00.wav,speech1.wav,UNCLEAR,5,10.193,12.675
speech1_combined_01.wav,speech1.wav,PITCH_MONOTONE,4,30.901,32.642
speech1_combined_01.wav,speech1.wav,PACE_TOO_FAST,1,7.185,8.435
speech1_combined_02.wav,speech1.wav,PITCH_MONOTONE,1,32.902,33.382
speech1_combined_02.wav,speech1.wav,FILLER,1,12.088,13.669
speech1_combined_02.wav,speech1.wav,ENERGY_LOW,2,0.68,1.561
speech1_combined_03.wav,speech1.wav,PAUSE_EXCESSIVE,5,6.344,10.645
speech1_combined_03.wav,speech1.wav,ENERGY_LOW,2,17.289,18.31
speech1_combined_04.wav,speech1.wav,PACE_TOO_SLOW,5,23.456,25.777
speech1_combined_04.wav,speech1.wav,PAUSE_EXCESSIVE,5,2.221,6.822
speech1_combined_04.wav,speech1.wav,ENERGY_LOW,5,12.866,14.307
speech1_combined_05.wav,speech1.wav,FILLER,3,30.781,32.522
speech1_combined_05.wav,speech1.wav,UNCLEAR,4,16.671,17.892
speech1_combined_06.wav,speech1.wav,ENERGY_LOW,2,4.263,6.024
speech1_combined_06.wav,speech1.wav,UNCLEAR,5,27.859,29.18
speech1_combined_07.wav,speech1.wav,PITCH_MONOTONE,3,19.913,21.114
speech1_combined_07.wav,speech1.wav,PAUSE_EXCESSIVE,3,7.905,11.447
speech1_combined_08.wav,speech1.wav,PAUSE_EXCESSIVE,2,17.472,20.713
speech1_combined_08.wav,speech1.wav,ENERGY_LOW,5,27.918,29.039
speech1_combined_08.wav,speech1.wav,PACE_TOO_SLOW,2,15.69,16.678
speech1_combined_09.wav,speech1.wav,FILLER,2,4.363,5.954
speech1_combined_09.wav,speech1.wav,PAUSE_EXCESSIVE,1,16.521,18.542
speech1_combined_09.wav,speech1.wav,ENERGY_LOW,3,26.687,27.988
